{
  "hash": "f5f353f9",
  "configHash": "32a68d15",
  "lockfileHash": "1c1e740d",
  "browserHash": "5513bbd3",
  "optimized": {
    "@angular/common": {
      "src": "../../../../../../node_modules/@angular/common/fesm2022/common.mjs",
      "file": "@angular_common.js",
      "fileHash": "35a43249",
      "needsInterop": false
    },
    "@angular/common/http": {
      "src": "../../../../../../node_modules/@angular/common/fesm2022/http.mjs",
      "file": "@angular_common_http.js",
      "fileHash": "fc75de2f",
      "needsInterop": false
    },
    "@angular/core": {
      "src": "../../../../../../node_modules/@angular/core/fesm2022/core.mjs",
      "file": "@angular_core.js",
      "fileHash": "9bac546b",
      "needsInterop": false
    },
    "@angular/forms": {
      "src": "../../../../../../node_modules/@angular/forms/fesm2022/forms.mjs",
      "file": "@angular_forms.js",
      "fileHash": "339fa78b",
      "needsInterop": false
    },
    "@angular/platform-browser": {
      "src": "../../../../../../node_modules/@angular/platform-browser/fesm2022/platform-browser.mjs",
      "file": "@angular_platform-browser.js",
      "fileHash": "41170fc7",
      "needsInterop": false
    },
    "@angular/router": {
      "src": "../../../../../../node_modules/@angular/router/fesm2022/router.mjs",
      "file": "@angular_router.js",
      "fileHash": "0242220d",
      "needsInterop": false
    },
    "rxjs": {
      "src": "../../../../../../node_modules/rxjs/dist/esm5/index.js",
      "file": "rxjs.js",
      "fileHash": "3b25a9ae",
      "needsInterop": false
    }
  },
  "chunks": {
    "chunk-X2TFIQ5N": {
      "file": "chunk-X2TFIQ5N.js"
    },
    "chunk-XEUJZPAK": {
      "file": "chunk-XEUJZPAK.js"
    },
    "chunk-3Y3A7YJR": {
      "file": "chunk-3Y3A7YJR.js"
    },
    "chunk-EKY7MAGB": {
      "file": "chunk-EKY7MAGB.js"
    },
    "chunk-EXBCAVIY": {
      "file": "chunk-EXBCAVIY.js"
    },
    "chunk-S35MAB2V": {
      "file": "chunk-S35MAB2V.js"
    }
  }
}